{"f1/train": 0.5261293794923435, "_timestamp": 1713692504.8626945, "f1/validation": 0.5901535338155056, "f1/test": 0.6026713635696462, "best_test_f1": 0.6165459553197999, "_runtime": 61243.80407452583, "_step": 23, "_wandb": {"runtime": 62011}}